Household_ID,Avg_Daily_Usage_kWh,Peak_Hour_Usage_kWh,Off_Peak_Usage_kWh,Num_Occupants,Temp_C,Appliance_Count,Income_Level,Smart_Meter,House_Size_sqft,AC_Usage_Hours,Lighting_Type,Renewable_Source,Work_From_Home,Consumption_Class
H001,9.36718202,5.736212855,4.406728075,2,26.85840275,9,Medium,No,2520,3.740277942,Incandescent,Yes,2,Medium
H002,19.16214321,4.520722748,9.044712316,6,17.84891587,3,Medium,No,3577,0.037690873,CFL,No,3,High
H003,15.44389701,2.821457122,13.34829587,4,27.15038757,6,Low,No,692,2.09092082,Incandescent,No,2,High
H004,13.17719423,6.603462648,11.51892352,5,,4,Low,Yes,838,10.5048675,CFL,Yes,3,Medium
H005,5.652316888,5.635483794,12.48529492,5,28.01920355,4,High,Yes,804,5.3009579,Incandescent,No,3,Low
H006,5.651906846,1.719627045,10.56418377,2,30.41249317,4,Low,Yes,3207,11.81081399,LED,No,3,Low
H007,3.987421407,7.331953884,10.99959534,1,18.91596092,6,Low,No,,4.748495563,LED,Yes,1,Low
H008,17.72499448,6.669029322,13.03954347,4,16.09339065,3,Medium,Yes,844,8.582237457,Incandescent,Yes,2,High
H009,13.2189552,7.62349935,5.245684115,5,17.77019905,6,Low,No,1431,3.383028515,LED,No,2,Medium
H010,15.03723382,5.942896313,8.362524527,2,29.96328939,4,High,No,3988,4.365715694,Incandescent,Yes,0,High
H011,3.349936403,5.10061397,4.875722744,5,17.37529247,7,Medium,Yes,3572,2.288711851,LED,No,0,Low
H012,19.48846749,3.636822772,14.8396841,4,24.39982225,5,High,Yes,,4.164748422,CFL,Yes,0,High
H013,17.15152489,7.495463625,14.27277142,4,28.75229851,14,Medium,No,3287,6.566850245,Incandescent,No,0,High
H014,6.609764882,6.995479171,2.512548548,3,,10,Low,No,1455,11.90127457,CFL,No,2,Low
H015,6.091024443,0.839140026,11.17247724,6,19.09209504,6,Medium,Yes,3953,7.970420557,CFL,No,3,Low
H016,6.117876668,0.697752309,14.02822813,6,21.84478269,3,Medium,Yes,2664,2.390951453,Incandescent,No,3,Low
H017,8.17211813,3.323475252,4.347479487,2,,3,Low,Yes,670,0.539537299,CFL,Yes,1,Medium
H018,11.92085934,6.579149981,9.383287997,4,31.89955689,14,Low,No,1892,1.516277776,Incandescent,Yes,3,Medium
H019,10.34306532,7.90457097,13.90134787,3,27.40119597,12,High,No,1948,6.750662415,CFL,No,2,Medium
H020,7.950895383,1.628126683,2.441297722,3,15.31787225,5,High,No,904,9.181923946,Incandescent,No,2,Medium
H021,13.40149921,4.955980365,11.06646347,5,39.81038501,11,Low,No,1630,11.28503049,Incandescent,Yes,2,Medium
H022,5.371395631,3.356681425,5.865537096,5,31.78637337,9,Low,No,1937,0.189878064,LED,Yes,1,Low
H023,7.966459025,7.774357984,14.01715054,3,22.92306193,4,Low,Yes,1416,6.273121699,Incandescent,No,0,Medium
H024,9.228151336,6.815891924,14.62375719,5,36.9817165,11,Medium,Yes,1726,5.650408275,Incandescent,No,3,Medium
H025,10.75318973,6.787465285,14.27546436,4,21.46079051,12,Medium,No,1420,7.872660264,CFL,No,2,Medium
H026,16.34799134,4.015198698,8.164784817,1,28.60041448,4,Medium,No,792,6.714946254,Incandescent,No,2,High
H027,6.394454297,3.611146268,13.20655446,4,30.90176909,5,Low,Yes,2376,8.244469807,LED,No,0,Low
H028,11.74198545,2.550553039,12.97914218,3,20.52658429,13,High,Yes,1128,7.896991017,CFL,Yes,2,Medium
H029,13.07104767,0.922816225,6.148306152,3,,12,Low,Yes,2818,1.404140698,CFL,No,3,Medium
H030,3.789657016,6.985417822,12.77590116,4,33.70479765,4,Medium,Yes,850,9.596614963,LED,Yes,1,Low
H031,13.32826248,6.596757568,2.481099251,5,28.94533064,5,Medium,No,2388,1.478790909,CFL,Yes,2,Medium
H032,5.898910103,7.99788255,9.75150842,5,19.51486495,8,Low,Yes,3878,8.382367503,CFL,Yes,3,Low
H033,4.105877081,7.974776278,4.990114885,6,16.34645517,11,Low,No,3188,4.993744412,CFL,No,2,Low
H034,19.13105413,4.665737792,3.567369515,3,23.00149581,11,Medium,Yes,2626,6.166208815,CFL,Yes,0,High
H035,19.41574456,6.267405614,3.000391621,2,33.8296834,9,Medium,Yes,3063,10.83957617,LED,Yes,2,High
H036,16.74275492,7.585742974,11.05175409,6,21.73328246,14,Medium,Yes,3441,10.67860472,LED,Yes,2,High
H037,8.178434076,6.87235543,6.418374529,5,28.48890551,5,Low,No,2003,9.814275668,CFL,Yes,1,Medium
H038,4.660425938,2.355110763,11.42196803,4,33.19867942,6,Medium,No,1767,6.121780565,CFL,No,0,Low
H039,14.63196145,3.879081015,2.84963243,5,17.69859287,8,Medium,Yes,2672,8.834877722,LED,No,0,High
H040,10.48259239,1.468695614,6.098774392,4,32.1324504,13,High,No,3315,6.154764666,LED,Yes,1,Medium
H041,5.074649992,7.655382704,9.013386801,6,,7,Low,No,1696,10.43527299,LED,Yes,2,Low
H042,11.41800747,5.046309758,12.27940114,3,39.12824355,4,High,Yes,3279,4.833309999,CFL,No,3,Medium
H043,3.584604859,2.214821041,6.143782538,5,27.20985325,8,High,Yes,2447,11.64282413,CFL,No,0,Low
H044,18.45844684,5.537755133,10.13658789,4,18.76690269,5,Medium,No,3764,11.1878731,Incandescent,No,0,High
H045,7.399259687,5.135961803,13.51771073,3,23.5595909,10,Low,No,1104,8.899231433,LED,Yes,2,Medium
H046,14.26287883,3.186220385,10.00622145,2,25.33541123,4,Medium,No,2221,3.35299061,CFL,No,2,High
H047,8.299088294,1.351681941,5.028473172,4,33.95462528,3,Low,Yes,2983,1.579843066,LED,Yes,0,Medium
H048,11.84115636,5.536798967,2.31721016,6,33.58559465,11,High,Yes,3072,10.2564414,CFL,Yes,2,Medium
H049,12.29407475,4.402307757,13.31128536,2,30.29851263,14,Low,No,3146,1.983627434,LED,No,3,Medium
H050,6.142525744,6.292387938,2.276502341,2,17.64826781,5,Medium,Yes,1987,10.25112947,CFL,Yes,0,Low
H051,19.48293867,4.401226258,13.37112174,1,18.78923429,13,Medium,Yes,3594,5.889180081,Incandescent,No,3,High
H052,16.177258,6.891361252,8.876182742,5,17.34392302,3,Medium,No,3277,4.878681406,Incandescent,Yes,3,High
H053,18.97148201,4.639301291,14.20788008,4,29.42931958,9,Low,No,1822,10.83828935,LED,No,2,High
H054,18.21206496,4.707034787,12.38418207,2,36.92846104,12,High,Yes,1317,7.24621179,CFL,Yes,3,High
H055,13.16429964,7.07490202,14.97314344,1,25.84501281,7,High,Yes,938,6.919368086,CFL,Yes,2,Medium
H056,18.671862,3.526121497,6.559253601,6,19.02120435,7,Low,No,1258,6.705191335,LED,No,1,High
H057,4.504372535,1.505114213,11.97344776,3,28.95105813,3,Medium,Yes,1561,4.454034192,CFL,No,2,Low
H058,6.331708661,0.715870072,7.225101877,4,35.29380542,11,High,Yes,1028,9.427717242,LED,No,3,Low
H059,3.768863911,6.163529418,8.238383064,2,33.54280154,9,Medium,No,1498,3.033581328,CFL,No,1,Low
H060,8.530615623,5.152321635,10.15757102,5,37.03626949,10,Low,No,738,11.26673952,LED,Yes,2,Medium
H061,9.607513925,5.780598261,13.35780248,1,,11,Medium,Yes,3589,10.72782246,CFL,No,3,Medium
H062,7.61293354,2.097231211,14.7930851,2,19.84884668,8,High,Yes,1141,4.049763908,LED,No,0,Medium
H063,17.08853766,1.522786067,11.98755438,5,36.99541215,14,High,Yes,2704,8.753565238,CFL,Yes,0,High
H064,9.064806554,0.609084993,7.430968168,2,31.43900782,7,Medium,No,1855,6.878678333,Incandescent,No,2,Medium
H065,7.775886665,3.129406691,7.47764103,4,22.77322325,8,Low,Yes,3305,4.051791624,CFL,No,2,Medium
H066,12.22583341,4.924382651,11.58856992,4,33.55870126,13,Medium,Yes,3082,11.86225978,LED,Yes,0,Medium
H067,5.395711825,3.441830338,5.104102895,4,35.37795961,4,Low,No,983,0.30284815,Incandescent,No,3,Low
H068,16.63734867,3.781061915,3.436163471,6,30.37445601,6,Medium,No,3207,3.031752367,CFL,No,3,High
H069,4.267360943,7.281190209,6.610088049,6,32.19710275,5,High,Yes,793,6.240888733,Incandescent,No,3,Low
H070,19.77707792,3.111916003,5.734106892,1,,9,Low,No,3181,6.263436042,CFL,No,2,High
H071,16.12816108,4.354921169,5.852005566,4,28.46739168,11,Low,No,3165,7.067196899,Incandescent,No,1,High
H072,6.378166586,6.377397596,5.036900764,5,28.10397927,7,Low,Yes,3363,9.020114064,LED,No,1,Low
H073,3.093875991,3.474070867,2.547211465,2,36.20119478,8,High,No,3398,7.481733966,CFL,Yes,1,Low
H074,16.86284428,5.165650252,2.232361152,3,35.99909951,12,Medium,No,2832,7.203377526,CFL,No,1,High
H075,15.01657485,6.967727816,14.84039107,5,35.81701173,14,High,Yes,,0.642173555,LED,Yes,1,High
H076,15.39312186,7.621404677,7.561050739,6,15.27579036,14,Low,No,2939,4.518363453,Incandescent,Yes,2,High
H077,16.11159589,1.603051107,6.996246413,6,33.73863711,4,Medium,Yes,1331,2.784668876,LED,Yes,2,High
H078,4.258759079,7.449407189,10.83541468,5,33.96690975,5,High,Yes,2763,3.184441339,LED,Yes,1,Low
H079,9.093917385,4.190872198,4.837300542,6,31.95947057,5,Low,No,3472,6.652049692,Incandescent,No,2,Medium
H080,4.969774012,2.436832912,14.34949539,4,33.90661645,14,Low,No,3720,2.394063779,LED,No,2,Low
H081,17.67275824,3.943518172,12.22248519,1,36.04925929,14,High,No,1284,3.527389212,CFL,No,1,High
H082,13.59606816,7.850244315,3.16234303,2,26.75797635,11,High,Yes,681,2.845016502,CFL,Yes,3,Medium
H083,8.625266422,4.194635705,7.428550085,1,,9,High,No,3481,11.38203532,CFL,No,2,Medium
H084,4.080491955,2.965637077,13.428538,2,18.11785142,10,Low,Yes,2980,11.33598879,LED,No,3,Low
H085,8.286699469,5.250506407,14.28151629,2,24.63439708,13,High,No,3204,7.319298703,CFL,No,2,Medium
H086,8.528116474,2.301092141,8.076219646,1,31.0841295,12,Low,No,2982,11.09426962,CFL,Yes,2,Medium
H087,15.40330503,1.068974961,9.97434806,5,34.5099944,13,High,No,1131,9.429751746,CFL,Yes,1,High
H088,13.83847701,1.466597914,4.171441299,2,20.43022744,11,Low,Yes,2583,7.079374594,CFL,No,2,Medium
H089,18.08261662,1.460343792,14.88519214,1,18.44557248,8,Low,No,820,0.077222538,CFL,Yes,0,High
H090,11.02765373,1.639270201,5.011732118,2,31.57605011,6,Medium,No,1234,9.270195433,CFL,Yes,0,Medium
H091,5.033102181,1.541203795,14.25551306,3,15.04699709,14,High,Yes,2369,8.429860099,LED,No,1,Low
H092,15.12516138,5.306560586,10.44540644,5,19.45931461,3,High,Yes,2970,7.383043839,CFL,Yes,3,High
H093,15.93334583,1.864100633,9.900578333,4,15.72678451,10,Low,No,2474,9.12509174,CFL,Yes,3,High
H094,12.54171236,3.092504625,8.664950643,2,,9,Low,No,602,6.155065977,Incandescent,No,3,Medium
H095,16.10644206,7.225913074,4.998707552,3,19.532982,4,Low,No,2317,8.448999256,LED,Yes,0,High
H096,11.39452514,4.054712302,4.294864416,4,24.69183987,10,Medium,Yes,805,11.22206504,LED,Yes,3,Medium
H097,11.8864581,5.506683039,4.866320718,4,25.05817812,14,Medium,Yes,2455,4.50966019,LED,Yes,3,Medium
H098,10.26819731,1.792399034,4.423697408,2,36.85656177,7,Low,Yes,639,8.497462019,LED,Yes,1,Medium
H099,3.432125155,1.942167641,12.13459816,1,27.75274281,9,High,Yes,2706,5.708253816,CFL,Yes,3,Low
H100,4.834154259,0.806514622,6.551628369,2,33.08511914,6,High,No,3598,8.092795822,CFL,Yes,0,Low
H101,3.534296157,1.767012973,2.751954795,3,17.60343395,7,Medium,Yes,3221,9.154720027,Incandescent,Yes,0,Low
H102,13.81897699,2.589427543,14.59833419,4,20.63596889,10,Medium,Yes,1243,0.545430005,Incandescent,Yes,0,Medium
H103,8.344051678,1.827578632,13.4892165,2,32.57358602,3,Low,Yes,2130,7.759205327,LED,No,1,Medium
H104,11.64570175,1.165269003,14.06077968,1,16.32009901,3,High,No,2507,2.720894213,Incandescent,No,1,Medium
H105,18.42863006,1.404769033,14.93380169,2,27.16494156,6,Low,No,3490,8.040390454,Incandescent,No,2,High
H106,7.237967896,3.95584076,4.26063824,5,29.98422414,5,Medium,Yes,3793,5.619962231,LED,No,3,Medium
H107,9.976509692,2.047502888,7.151146246,1,30.0536411,12,High,Yes,3266,9.282632902,LED,Yes,1,Medium
H108,15.84436936,3.232023958,11.85710018,3,15.57332028,14,High,No,2743,1.480809782,Incandescent,No,0,High
H109,6.889568813,4.275629531,11.04826803,4,23.05270011,4,Medium,No,3906,7.51586822,CFL,No,0,Low
H110,4.308658467,5.677961215,4.000646782,2,30.91226628,14,Low,No,1497,3.341648747,Incandescent,Yes,1,Low
H111,7.9257747,0.794841049,12.60583062,1,18.7249934,5,Low,No,1685,10.23578394,Incandescent,Yes,1,Medium
H112,5.740761883,6.495577992,4.917727434,5,32.38539121,13,High,No,1879,11.14060207,CFL,Yes,1,Low
H113,18.80486009,5.209252921,4.909628993,1,33.64813022,13,Medium,No,3208,11.95677952,CFL,Yes,2,High
H114,16.73804645,1.11319274,8.980667498,6,39.54922976,13,High,No,3552,9.552088829,LED,Yes,0,High
H115,13.76786386,7.051839681,9.708219153,5,20.24604987,3,Medium,No,2995,9.044808845,LED,No,2,Medium
H116,17.81483003,7.406543004,9.541120702,3,35.62826669,3,Low,Yes,1270,2.586009106,Incandescent,Yes,2,High
H117,16.66242531,0.958084699,3.189328886,4,28.00741442,8,Medium,Yes,3795,4.032084708,CFL,No,3,High
H118,6.171691001,2.576582361,13.40699121,3,24.3365649,7,Low,Yes,2105,5.588190501,LED,No,0,Low
H119,18.17350297,6.546509598,5.452800554,2,18.05941893,10,Medium,Yes,2964,9.280572573,Incandescent,Yes,0,High
H120,12.16881811,6.111947678,3.683693977,1,33.38764016,4,High,Yes,1318,10.97959038,CFL,No,1,Medium
H121,16.72648264,1.883907645,13.55372504,6,,6,Low,Yes,1671,2.2696692,Incandescent,No,1,High
H122,18.2335521,2.070119925,14.42346948,5,24.28555005,10,High,No,2555,11.06840982,LED,Yes,3,High
H123,8.406059075,3.278540771,13.20765902,5,16.56355567,14,High,No,1759,8.347495828,LED,No,2,Medium
H124,4.870882717,4.133922389,12.52370897,1,35.0341729,8,Low,Yes,3872,7.329248768,CFL,No,1,Low
H125,6.874897763,5.136910786,10.51814575,6,34.1647131,3,Low,Yes,849,2.398095255,Incandescent,No,1,Low
H126,10.26083241,3.266852297,9.161145818,1,33.34039575,6,High,No,2961,0.666300394,CFL,Yes,0,Medium
H127,16.90625102,3.969010371,3.130827879,2,22.48608776,3,High,No,2492,6.821578782,LED,Yes,0,High
H128,17.63241992,6.106032036,7.30989177,3,19.33700186,4,High,No,2453,7.8181882,LED,Yes,1,High
H129,3.118186219,0.775124022,6.844950721,5,30.93883161,7,High,Yes,3454,2.529377392,Incandescent,No,0,Low
H130,11.68270414,2.393277083,5.376799189,2,27.4041596,10,Low,No,2103,6.67747447,Incandescent,Yes,3,Medium
H131,10.09598705,5.850121894,11.40446148,3,19.45631167,10,Low,Yes,3985,10.27792083,Incandescent,No,1,Medium
H132,6.775832778,7.214051283,8.446384556,2,32.14778178,13,High,Yes,3132,10.02079135,CFL,Yes,0,Low
H133,5.037711245,4.337580816,3.053600807,6,39.7781608,5,Medium,No,1834,11.12826217,Incandescent,No,3,Low
H134,8.739457914,4.490851139,4.862381625,5,33.68048969,13,Medium,No,643,4.390629715,Incandescent,Yes,0,Medium
H135,19.02946497,1.303790085,10.88236393,1,33.49965967,6,Low,Yes,3218,3.816594871,LED,Yes,0,High
H136,8.494449844,3.855592751,2.989701173,1,38.75781882,12,High,No,1182,8.993112072,LED,No,0,Medium
H137,11.81944057,4.494629498,13.06568988,3,20.07340919,13,High,No,3763,5.173348861,Incandescent,Yes,1,Medium
H138,14.9513223,2.318528777,8.436904851,4,29.13874912,8,Low,Yes,1888,1.050583968,Incandescent,No,2,High
H139,9.18170324,2.519324232,8.247625505,6,39.49116788,13,Medium,No,3542,3.393613568,LED,Yes,0,Medium
H140,19.52029541,3.329631223,9.701301201,3,19.13235277,13,Medium,Yes,819,5.022987426,Incandescent,Yes,3,High
H141,19.36160401,0.650533983,12.72085256,4,32.50629899,12,Medium,Yes,2525,3.510197106,CFL,No,1,High
H142,7.280299029,2.915593742,6.521519703,2,29.64525365,5,Low,No,3572,3.986466851,CFL,No,1,Medium
H143,11.4532246,2.085860052,10.81420998,6,29.6619773,4,Medium,Yes,3048,3.525310874,CFL,No,3,Medium
H144,8.114931267,2.956230141,9.354515532,2,32.44176569,8,Low,Yes,3374,0.497990006,Incandescent,Yes,0,Medium
H145,7.842288404,1.398215989,5.471367512,5,38.24042307,13,Low,No,1590,7.64513641,LED,No,2,Medium
H146,3.627078105,7.178954606,13.42218982,6,34.5645485,7,High,No,3546,7.167509044,Incandescent,Yes,0,Low
H147,13.36259368,4.951943402,12.36653828,4,16.40340259,12,Medium,No,2412,7.840601982,Incandescent,No,3,Medium
H148,11.54554339,5.593267394,10.55987385,5,36.3182005,7,Low,Yes,1457,2.307718752,LED,No,1,Medium
H149,3.875138771,6.41878429,13.05756248,1,20.63853325,12,Medium,Yes,1403,3.547854499,LED,No,2,Low
H150,7.736989892,4.238316492,13.27482461,4,24.42285412,7,Medium,No,1089,7.435391123,LED,No,1,Medium
H151,18.44052006,1.151902161,11.2087187,3,26.54332034,12,High,Yes,2380,7.195530822,CFL,No,3,High
H152,7.072552141,4.528299064,12.88117327,1,27.02265002,14,Medium,No,2093,6.075963712,Incandescent,No,0,Medium
H153,5.463212826,4.901308385,11.067129,1,25.87950998,7,High,No,3585,4.204959,LED,Yes,2,Low
H154,11.32069692,6.090796056,10.84183003,3,38.43383236,5,Low,Yes,3491,10.95517206,Incandescent,No,1,Medium
H155,19.75605772,3.737446597,10.04194792,6,32.65047519,9,Medium,No,2305,4.077242908,CFL,Yes,1,High
H156,7.114939616,1.456852271,11.78531631,1,30.77926615,8,Low,Yes,3940,5.467429877,CFL,No,1,Medium
H157,14.42630431,2.628319293,4.061866369,4,16.24605069,6,Medium,Yes,2914,8.137365971,LED,No,0,High
H158,15.94753346,3.223117223,13.45131987,5,37.59783326,4,Low,No,653,6.51625717,LED,No,2,High
H159,7.039838248,5.34437931,13.33396586,1,,14,Medium,Yes,3175,4.162631716,Incandescent,Yes,0,Medium
H160,15.37967793,4.780837285,2.380214679,4,34.50532659,11,Medium,No,1215,5.227737485,LED,Yes,0,High
H161,9.252313256,3.170725444,12.73561776,2,15.1757301,3,Medium,Yes,1682,9.533769814,Incandescent,No,0,Medium
H162,13.74919912,7.898864366,3.675308277,4,16.43200628,13,Medium,Yes,2448,3.337549866,LED,Yes,3,Medium
H163,13.77000508,5.043311145,6.356545105,5,20.63059256,6,Medium,Yes,3711,1.707062877,Incandescent,No,3,Medium
H164,12.10816963,2.279200938,11.66560733,4,18.2837352,3,Medium,No,3908,3.757958422,Incandescent,No,3,Medium
H165,4.534926091,1.263368545,4.089878649,3,24.97090074,8,Medium,Yes,1554,10.19441059,Incandescent,Yes,2,Low
H166,17.20014243,1.646443544,12.63357131,5,38.06557645,6,Medium,No,3033,1.067876578,Incandescent,Yes,0,High
H167,8.453261105,2.344682963,12.81774431,6,26.80151085,7,Medium,Yes,2229,11.90035288,CFL,Yes,0,Medium
H168,6.170814677,1.705110299,8.597080539,2,15.33506566,7,Low,Yes,3381,6.492034787,Incandescent,Yes,3,Low
H169,3.693177406,1.89925268,2.083016332,3,22.06864224,11,High,No,3363,11.81814893,LED,No,0,Low
H170,13.04518003,2.638213765,5.731495731,6,,3,Medium,No,1249,11.26795707,CFL,Yes,0,Medium
H171,14.51859415,1.800301965,10.02004994,4,15.90719057,4,High,No,2947,5.433764571,CFL,Yes,1,High
H172,3.281993092,7.225740685,14.75542031,5,21.89299633,8,Medium,No,994,2.381892895,Incandescent,No,0,Low
H173,11.70558199,1.101753092,10.21357585,2,21.89030847,7,Medium,No,3878,1.978617319,CFL,Yes,1,Medium
H174,6.850428178,4.433835422,5.377446554,3,34.67816507,13,Low,Yes,1959,2.879872366,Incandescent,Yes,0,Low
H175,13.96793744,3.577976202,10.24207414,6,39.37086632,9,Low,Yes,3240,8.521591687,LED,Yes,2,Medium
H176,5.964229293,7.867839627,9.019809936,6,24.28017735,5,High,No,3161,3.275399937,Incandescent,Yes,3,Low
H177,14.74594155,1.340291766,12.13799014,2,25.72217197,5,Low,Yes,3849,4.097103235,CFL,No,1,High
H178,9.574500887,3.483916993,3.390748305,4,36.11973591,12,Low,Yes,3043,5.385345648,LED,No,3,Medium
H179,18.92440981,7.77102825,11.89336273,2,21.7034755,4,High,Yes,970,10.95879217,Incandescent,Yes,1,High
H180,5.33785605,6.991303444,9.036465523,6,18.90954511,5,Low,No,1457,2.272721015,LED,Yes,1,Low
H181,8.798127968,6.628040532,14.51889605,1,36.32724059,12,Medium,Yes,1390,0.060318631,LED,No,1,Medium
H182,4.929049861,2.434271203,6.444338159,3,16.16251466,3,High,Yes,1257,0.721156925,CFL,Yes,2,Low
H183,18.71979151,1.781656905,10.22408461,2,30.492486,7,High,Yes,3989,10.8571961,LED,Yes,0,High
H184,17.91476901,5.514824149,14.11636537,6,29.04982119,14,Medium,No,3383,7.770197578,CFL,Yes,1,High
H185,7.385007671,7.470319918,3.332626464,4,23.64801119,7,Low,Yes,1992,3.276487432,LED,Yes,2,Medium
H186,14.21972878,4.675721698,14.18397033,6,22.87973803,14,High,Yes,983,2.126310012,Incandescent,Yes,1,High
H187,16.8927774,4.787095171,10.94251439,4,34.29644315,13,High,No,2709,3.53120084,LED,Yes,0,High
H188,12.4384138,2.599843202,2.881881768,2,17.16061527,9,Medium,No,3152,1.377563127,Incandescent,Yes,1,Medium
H189,12.00405983,6.271196999,5.91252637,4,20.91960773,6,Medium,Yes,838,11.29839492,Incandescent,Yes,2,Medium
H190,7.111488945,1.902828114,11.20623715,5,33.3112183,5,Low,Yes,794,9.410474092,LED,Yes,0,Medium
H191,4.582747053,2.927594273,2.875557819,5,28.70801459,3,High,No,3325,5.548694123,Incandescent,No,2,Low
H192,18.25266789,3.69077329,9.568215982,5,18.19970521,14,Low,No,3893,10.37955126,LED,No,0,High
H193,18.30710697,4.30707784,6.49647974,1,37.05339036,10,Low,No,2708,2.993498452,LED,No,0,High
H194,13.76272477,2.318072993,10.07190173,2,24.83619616,5,Medium,No,1752,8.605446822,Incandescent,Yes,3,Medium
H195,8.763506448,1.361276186,2.59464644,6,35.69670938,4,High,No,3637,10.27358999,Incandescent,Yes,3,Medium
H196,8.936562768,5.079650318,13.32997848,6,34.69282539,13,High,No,3332,4.281224539,CFL,No,3,Medium
H197,15.34124654,2.664729149,14.6553566,1,30.61063616,6,High,No,2615,9.089573345,Incandescent,Yes,0,High
H198,18.25087442,4.859286661,14.59541212,4,27.36202828,5,Medium,Yes,755,3.540868191,CFL,No,1,High
H199,18.08046921,1.657720365,11.74547381,1,39.48877101,3,Medium,No,1522,3.586285623,Incandescent,Yes,2,High
H200,16.25788428,4.108550764,3.691121122,4,18.62412681,5,Medium,No,3515,1.284686143,LED,No,2,High
H201,13.91453798,4.494420744,11.85742155,4,33.12889319,14,Medium,Yes,3550,5.280696558,Incandescent,No,2,Medium
H202,4.430379405,0.888676526,2.319629914,3,19.77976754,4,Medium,No,2209,8.756542878,LED,No,3,Low
H203,5.74768814,3.024532086,2.28760617,6,23.45657763,10,High,No,3646,11.28264967,LED,Yes,0,Low
H204,18.2754212,1.508110077,6.206932849,5,22.71746858,8,Low,Yes,1574,7.245563903,LED,No,3,High
H205,13.30929401,0.975312279,8.352361475,4,38.67589969,11,High,No,1830,10.35762645,CFL,Yes,1,Medium
H206,3.156349877,7.924701743,12.01529643,3,39.18390444,10,Low,Yes,3035,9.869935791,Incandescent,Yes,0,Low
H207,4.725016229,2.917653837,10.8828399,6,19.57538611,12,Medium,Yes,2414,2.080116636,LED,Yes,2,Low
H208,14.27953007,6.574058344,7.796735183,5,15.55087901,5,Low,Yes,3534,5.829809147,LED,Yes,3,High
H209,3.086046925,2.409804911,5.557146662,4,33.00020099,7,High,Yes,1437,1.403082426,CFL,Yes,3,Low
H210,5.733736874,5.611270417,14.9626185,4,25.44974835,9,High,No,2607,8.185837939,Incandescent,Yes,1,Low
H211,12.32847442,6.201708949,7.540356929,1,,7,Low,Yes,1963,11.39879602,Incandescent,Yes,1,Medium
H212,14.76221836,4.967290555,7.868031316,1,32.09385264,10,Medium,Yes,2987,1.645073497,CFL,No,3,High
H213,14.08334141,4.036821414,4.127109675,6,28.62763821,14,Medium,No,803,8.80659757,CFL,No,1,High
H214,6.812578261,3.588806856,12.33252413,5,39.51292055,7,High,Yes,760,7.58685781,Incandescent,No,2,Low
H215,15.10704676,3.116511999,11.01786894,4,20.6852374,3,Low,Yes,991,7.003260444,CFL,Yes,1,High
H216,7.033234487,7.471468582,4.870004966,6,25.09944691,7,Medium,Yes,1368,4.681442816,Incandescent,Yes,1,Medium
H217,8.531794869,6.729645558,3.070953593,6,28.56364508,6,Medium,Yes,3222,4.261579773,Incandescent,Yes,3,Medium
H218,15.69035389,7.73770183,10.84649093,2,34.79249971,8,High,No,3181,0.542990268,LED,Yes,3,High
H219,14.04375928,1.432229176,10.50864579,1,28.72096642,5,Medium,Yes,1693,2.614904499,LED,No,0,High
H220,17.43679798,5.981506064,5.552373851,5,30.32250402,13,Low,No,3540,0.182122587,Incandescent,Yes,0,High
H221,14.17941917,7.537553426,14.36122631,4,20.65367629,7,High,No,1004,6.977005267,Incandescent,No,3,High
H222,12.66124626,1.859247996,3.963752593,6,36.1729682,4,High,Yes,1207,1.270238831,Incandescent,Yes,1,Medium
H223,4.592471053,0.998722005,7.620352414,4,25.71576367,13,Low,Yes,2214,10.47623273,Incandescent,No,1,Low
H224,9.251168652,6.05840487,14.26700696,2,18.52399069,8,High,Yes,2140,6.277716248,Incandescent,Yes,0,Medium
H225,7.508440251,4.808548349,7.45645512,5,31.60469786,14,Medium,Yes,3475,8.396278909,Incandescent,No,0,Medium
H226,7.147823937,6.813715826,10.30083732,6,20.40226133,8,Medium,No,3791,4.930285102,CFL,Yes,0,Medium
H227,19.54117943,1.548292825,7.168727174,4,,7,Low,No,2437,6.726957708,Incandescent,No,2,High
H228,9.682661319,6.464504839,5.564797631,1,36.54967271,8,Medium,No,1289,11.31191012,CFL,Yes,2,Medium
H229,18.16479144,2.0122049,14.79170942,2,26.50405661,13,Low,Yes,3549,0.992808475,CFL,No,0,High
H230,13.72935664,1.727419571,7.321342082,5,33.73209282,9,Low,No,1840,3.047253263,Incandescent,No,1,Medium
H231,16.51179216,1.731993484,13.62328965,2,22.264689,14,Medium,Yes,2703,9.359859923,Incandescent,Yes,0,High
H232,11.54483058,6.609310402,4.989409877,1,34.67425337,7,Low,Yes,965,1.184846483,CFL,No,2,Medium
H233,12.80736604,5.488979155,4.770361152,5,17.79839818,3,Medium,Yes,2322,0.907933247,CFL,Yes,1,Medium
H234,11.37280079,4.422990686,2.404743077,2,23.89933434,10,High,Yes,1054,4.338496785,Incandescent,Yes,2,Medium
H235,6.319130793,3.191228631,10.47166873,3,39.45154545,6,High,Yes,703,1.106015502,Incandescent,Yes,1,Low
H236,15.28168596,7.079004056,6.790842468,1,34.84974291,11,Low,No,676,7.020941306,CFL,No,2,High
H237,7.773130161,3.443338306,13.23665725,1,27.43139826,12,Medium,No,829,2.71530301,CFL,No,1,Medium
H238,3.413371429,6.624495796,8.151728787,1,23.49443679,14,Medium,Yes,2537,10.74837556,CFL,Yes,1,Low
H239,13.97302903,3.793511814,14.58651456,3,36.8033925,8,High,No,3929,9.40200097,LED,Yes,1,Medium
H240,6.01088155,3.327083221,4.411831704,3,28.62119398,3,High,Yes,3935,8.396462473,CFL,No,1,Low
H241,18.98779593,3.970098393,13.29210118,4,33.96062545,5,Medium,Yes,2978,7.403328329,LED,No,3,High
H242,19.21678581,2.760334056,12.09575909,6,33.85269201,5,Low,Yes,1805,10.36158876,Incandescent,No,2,High
H243,18.55269463,6.107070351,12.02198398,2,15.44864196,12,High,No,1492,2.676744739,Incandescent,Yes,2,High
H244,9.292697904,4.270402926,12.98218197,4,18.15634457,14,Low,Yes,2173,10.47730611,CFL,Yes,3,Medium
H245,3.262762481,2.241595214,11.89331188,2,31.49073416,14,Low,Yes,3335,9.473907581,Incandescent,Yes,1,Low
H246,18.78141556,7.2468093,10.14086418,6,19.04049528,6,High,No,2674,8.977929917,Incandescent,Yes,1,High
H247,10.27913052,3.37918416,3.70618341,3,21.38733362,8,Low,No,3947,6.735068137,Incandescent,Yes,2,Medium
H248,19.43313192,4.576646458,2.422840333,6,38.66594885,9,Low,No,2275,2.954929932,Incandescent,No,3,High
H249,19.38153961,7.298540832,13.97102202,3,29.00455646,12,Medium,Yes,898,5.082574992,LED,Yes,1,High
H250,17.50116074,5.181784969,10.01645409,6,33.76823767,6,Low,Yes,1556,9.522847854,LED,No,1,High
H251,8.005631165,1.376735305,12.35498478,4,28.94951847,8,Medium,No,3446,0.381341812,CFL,No,1,Medium
H252,9.546661386,7.548740927,8.25979057,5,,13,High,Yes,1714,9.384609231,CFL,Yes,0,Medium
H253,17.46932342,5.207810398,3.525006457,4,17.35379775,3,High,No,3127,2.880848886,CFL,No,3,High
H254,8.387674088,3.01179211,3.627415299,2,23.59157982,10,Medium,No,3220,1.731710409,Incandescent,Yes,1,Medium
H255,5.881376694,1.544540545,10.91234873,4,22.06077247,9,High,Yes,3105,1.388415818,Incandescent,No,0,Low
H256,12.46562146,6.45518892,7.593976634,1,24.76820914,13,Low,Yes,2074,0.327000143,LED,Yes,3,Medium
H257,18.91463116,5.150545669,4.606821447,2,34.95860471,13,Low,No,964,6.283037823,LED,Yes,1,High
H258,14.83250654,4.50095819,8.390729108,6,24.2983167,11,Low,No,3506,2.619118472,CFL,No,2,High
H259,12.69103989,7.204194373,2.834716182,2,26.29242048,5,High,No,2298,11.87318119,LED,Yes,0,Medium
H260,4.652000394,6.414479084,9.565628225,5,24.93453476,4,Low,No,950,6.89324107,LED,No,0,Low
H261,13.45512285,1.637561598,5.496914258,3,17.3351993,3,High,Yes,2900,1.654623232,LED,Yes,1,Medium
H262,19.83091545,2.837915508,12.36826831,6,26.02680396,5,Low,No,3428,8.26515049,LED,Yes,1,High
H263,5.381428259,2.363668549,6.034705466,2,19.89023183,7,Medium,No,2504,10.7729228,LED,Yes,0,Low
H264,11.81160409,6.079597194,7.917861938,6,19.66808239,13,High,No,3450,8.942153944,CFL,No,2,Medium
H265,17.91534222,0.751493261,2.151067019,6,17.35090261,4,High,Yes,1611,0.917278332,CFL,No,2,High
H266,15.5930665,4.774172637,2.941809541,6,23.91677435,14,Low,Yes,3106,10.75061017,LED,Yes,3,High
H267,14.8492676,6.218440143,7.102416233,3,33.93704712,5,High,No,3564,9.52715263,CFL,No,1,High
H268,14.94222943,7.075742276,8.239204851,4,21.91104226,6,High,Yes,1098,1.899646801,Incandescent,Yes,2,High
H269,9.111349571,3.065613115,9.800267126,6,22.80872755,9,Medium,Yes,1549,0.621430665,LED,No,3,Medium
H270,7.991061352,6.659429785,5.791613523,1,31.06686644,5,Medium,Yes,2594,6.687726904,Incandescent,No,2,Medium
H271,16.75913964,1.329738027,11.03476452,5,19.89602031,11,Low,No,2646,1.872429736,CFL,Yes,1,High
H272,16.77192771,6.848392188,13.18159116,3,37.42394826,10,Medium,No,1107,10.01509143,CFL,Yes,3,High
H273,17.74022942,1.456164967,12.13806286,2,28.00476308,6,Low,Yes,1927,4.30001588,Incandescent,Yes,3,High
H274,18.52508939,3.479654679,2.51504473,3,26.19007351,3,Low,No,3148,10.95470934,CFL,Yes,3,High
H275,11.69282078,6.479715243,8.246590314,2,,3,Low,No,3450,6.788258066,LED,Yes,2,Medium
H276,11.52577701,1.624380705,3.364092319,3,19.15085784,3,High,Yes,3245,2.192068611,Incandescent,No,1,Medium
H277,16.57101804,2.219385464,5.146585206,2,30.33682847,3,Medium,Yes,765,1.675186408,LED,No,3,High
H278,14.04938682,5.916894263,14.82661371,6,24.07751842,10,Low,No,3109,6.917669251,Incandescent,Yes,0,High
H279,14.93343691,5.900274024,3.852442058,4,37.42965852,5,Medium,Yes,1519,9.142603342,CFL,Yes,1,High
H280,16.52847538,5.308607247,8.485545995,2,19.22135517,8,Low,No,713,9.378067773,Incandescent,Yes,0,High
H281,18.13009081,5.704613334,10.03602455,2,27.6762776,5,Medium,No,1591,3.309088853,Incandescent,No,0,High
H282,8.745917666,4.570433325,11.13204462,1,29.95281573,13,Medium,Yes,2551,2.450961107,LED,Yes,3,Medium
H283,9.384910195,2.388492942,9.275432885,2,15.83459004,7,Low,No,2854,0.201075654,CFL,Yes,3,Medium
H284,4.597692977,3.092719951,2.127021016,1,24.09232812,9,High,No,1858,8.150389814,LED,No,2,Low
H285,12.8307624,1.861982876,6.243997007,5,33.31588087,4,Medium,Yes,1114,0.918819101,CFL,No,2,Medium
H286,3.611018655,7.31337921,8.730251364,6,35.50943769,8,High,Yes,1831,5.049134421,LED,No,2,Low
H287,10.91516631,4.875438461,3.142264489,1,22.82904987,8,High,Yes,1308,7.220185968,Incandescent,No,1,Medium
H288,12.22495879,3.506385626,6.558150106,4,34.96483181,13,Low,No,3796,11.24530734,LED,Yes,2,Medium
H289,7.871201286,3.965043527,2.431640414,6,39.19389693,5,Low,Yes,2785,3.741625643,CFL,No,0,Medium
H290,13.04416543,7.604625047,3.021520463,1,36.4218484,8,Low,Yes,938,2.997265949,CFL,No,2,Medium
H291,3.518504249,1.650135523,7.160002591,6,17.9410997,12,Medium,Yes,3184,7.849921851,Incandescent,Yes,3,Low
H292,3.634919209,4.89672374,3.725304803,6,33.4932583,12,Low,Yes,667,7.430868385,CFL,Yes,2,Low
H293,16.98420953,4.294165092,9.378031027,6,22.99167081,7,Low,No,2196,3.9853174,LED,Yes,1,High
H294,9.123240904,5.085906766,10.9630446,5,39.71039974,14,Medium,No,2164,11.13722203,Incandescent,No,1,Medium
H295,5.160028715,0.635826379,12.40762709,4,27.13397458,4,Medium,Yes,982,10.13834793,CFL,Yes,0,Low
H296,11.87813542,7.040929317,4.601953175,3,18.06084746,11,Low,No,618,2.68779055,CFL,No,1,Medium
H297,16.0898904,7.490887119,4.177273569,3,33.1296387,10,Low,Yes,3330,2.869710545,LED,No,2,High
H298,6.668957467,4.738498877,3.359381924,1,23.07527996,5,Low,Yes,2721,6.147604163,LED,No,3,Low
H299,13.58913809,5.724881179,10.27359324,6,39.92695393,10,Low,No,1172,9.282865221,Incandescent,Yes,1,Medium
H300,4.450906905,7.418745359,11.18418444,1,39.49456145,11,High,No,3586,0.528484553,CFL,No,0,Low
H301,3.87858926,5.804289757,2.410619883,5,31.40335045,5,High,Yes,1899,8.320021845,LED,Yes,2,Low
H302,12.03302874,1.644042822,14.1707592,5,18.24566122,5,Low,Yes,3719,7.778830769,Incandescent,Yes,0,Medium
H303,12.19079707,4.822162701,2.675626687,2,32.17152494,4,High,No,2858,2.777761151,CFL,Yes,1,Medium
H304,13.83630833,5.050362848,9.036852359,5,17.32576216,10,Medium,Yes,3502,8.176236159,CFL,No,1,Medium
H305,15.34355267,3.680980035,11.21778675,2,15.73410398,12,High,No,2543,11.2821983,Incandescent,No,0,High
H306,19.58948535,6.023331767,13.32259861,4,35.57396116,3,High,Yes,1250,0.56143014,Incandescent,No,2,High
H307,11.77710592,7.507752611,11.28313012,1,,10,Low,Yes,2245,3.835824664,LED,Yes,1,Medium
H308,8.49026004,7.441763847,12.42246508,4,24.47567816,9,High,No,1593,5.2581206,CFL,No,3,Medium
H309,16.51816531,3.881295286,6.412852503,5,39.33643475,9,High,No,3342,10.79112431,CFL,No,1,High
H310,7.604148271,1.349285344,12.59272648,4,23.42101255,5,High,No,3187,11.54713736,CFL,No,2,Medium
H311,10.46251415,7.886308992,3.041493003,4,22.41224453,3,High,No,3862,5.329382958,Incandescent,No,1,Medium
H312,4.333758483,6.791735648,13.63261653,4,37.95519999,6,Medium,No,1938,9.000340946,LED,No,0,Low
H313,3.430962638,1.434970109,9.11870089,5,17.76871113,11,Low,No,1500,6.379932285,CFL,Yes,1,Low
H314,19.36502305,7.40631412,12.62487101,6,33.98956025,7,Low,No,2284,6.453395217,Incandescent,Yes,1,High
H315,17.21166205,7.024222715,7.880137699,4,39.70163917,3,Medium,Yes,3427,3.337194181,CFL,Yes,2,High
H316,14.8315615,4.391285428,10.36651004,2,37.53240027,7,High,Yes,2185,2.60347495,LED,Yes,0,High
H317,9.952200055,4.934565768,8.843234592,5,31.29169797,10,Medium,Yes,2523,3.456064151,CFL,No,2,Medium
H318,5.946003441,3.492520279,11.51066378,4,22.85151987,10,High,No,2381,6.675936087,LED,Yes,1,Low
H319,5.659429725,0.910712291,3.061189766,6,21.35804953,7,Medium,No,1736,0.349862232,LED,No,3,Low
H320,7.254129269,3.013979312,2.784577092,5,35.48137762,14,Low,No,2817,10.88698733,CFL,Yes,1,Medium
H321,12.3368533,6.521400864,5.212342042,3,36.99554785,11,Low,Yes,2544,1.875404515,CFL,Yes,2,Medium
H322,15.14813069,0.534740173,4.074080841,6,28.13587281,3,Low,No,1637,2.641064122,LED,Yes,3,High
H323,14.2233554,3.001243788,13.33318637,2,21.10849852,6,High,No,2338,6.219314117,Incandescent,No,2,High
H324,7.758876248,3.486265202,4.849781836,4,17.82358021,5,High,Yes,887,8.521377196,LED,No,2,Medium
H325,19.23270977,4.530467022,14.68624833,3,17.1794867,4,Medium,No,2836,1.148748657,CFL,Yes,0,High
H326,15.54424758,7.398917123,6.379645293,3,32.97693618,10,Medium,Yes,3561,3.812336371,CFL,No,3,High
H327,12.42401889,3.097594958,4.367532904,5,25.5029682,9,Low,Yes,3826,11.62409527,Incandescent,Yes,1,Medium
H328,13.39925269,3.102149014,12.26608059,3,37.63399686,11,High,No,2190,3.148115601,LED,Yes,2,Medium
H329,10.13320106,6.031259361,10.56320108,2,33.49178252,4,Medium,No,3341,3.756601741,LED,Yes,1,Medium
H330,7.211426822,3.891634557,8.476544314,2,19.78151045,6,High,No,2345,10.03798189,LED,No,0,Medium
H331,9.051535537,2.184536172,9.219726162,1,30.34443547,8,High,Yes,3535,0.60257318,CFL,Yes,0,Medium
H332,15.88338388,3.893296371,11.34962312,2,25.88763636,13,Low,Yes,3118,5.575358026,LED,Yes,3,High
H333,3.244689307,1.556427653,4.969911637,6,29.43124327,5,Low,Yes,1698,4.555401173,Incandescent,Yes,0,Low
H334,4.973234889,1.822902399,14.95234091,3,33.45172808,10,High,No,2924,3.799041119,CFL,No,0,Low
H335,3.782044914,4.237758296,14.67231111,2,35.15489703,5,High,No,1539,3.428395129,CFL,Yes,1,Low
H336,3.692389639,3.641940871,10.45423392,5,36.09343316,14,High,No,2048,1.096489258,LED,No,0,Low
H337,17.54282993,7.361344258,4.594051862,1,21.34937186,4,High,No,1170,3.777909952,Incandescent,Yes,0,High
H338,14.96218361,3.217954243,10.84296715,3,,5,Low,Yes,3504,0.516628833,CFL,No,2,High
H339,11.06095509,4.854412627,2.938579317,1,33.48236838,13,Medium,Yes,1600,9.371566364,CFL,Yes,0,Medium
H340,4.663180731,5.241982159,2.398482529,3,17.65859316,8,Low,Yes,1805,4.778733527,LED,Yes,2,Low
H341,11.35746988,0.598208424,5.349877551,5,22.87298972,4,Medium,Yes,3105,5.326845988,LED,No,0,Medium
H342,11.0490201,5.47653029,8.014098438,1,,10,High,No,1517,10.72313504,Incandescent,No,0,Medium
H343,5.944431788,1.835269752,13.28754257,4,32.04173706,3,Medium,No,2474,7.896659806,LED,Yes,3,Low
H344,10.37547804,7.708027381,11.45319791,6,19.17830029,9,Low,No,1432,0.09670924,Incandescent,No,3,Medium
H345,9.774580485,1.614970458,11.65518478,6,31.38206024,4,Low,Yes,3735,11.31809788,CFL,Yes,2,Medium
H346,13.46945167,3.609680928,7.531413348,3,39.79356543,12,High,Yes,3486,2.845733592,Incandescent,Yes,0,Medium
H347,13.79659206,1.140122511,6.497154903,4,16.81677179,14,Low,No,3931,1.291370217,Incandescent,Yes,1,Medium
H348,3.770168166,7.976556889,6.823503919,1,16.9269503,8,High,No,2840,9.217538141,Incandescent,No,3,Low
H349,9.368414449,4.266462577,14.83944433,4,,14,Low,Yes,2278,6.00572779,CFL,Yes,1,Medium
H350,13.63961857,4.96538763,2.521419488,4,36.65966286,4,Low,No,1215,5.205246792,LED,No,3,Medium
H351,11.5533164,1.00307358,13.27140945,1,20.38824672,4,High,Yes,1005,2.994036956,CFL,Yes,3,Medium
H352,17.5603273,6.124703528,9.522780311,5,24.0094455,12,Medium,Yes,2349,6.569657878,LED,No,0,High
H353,14.19779174,2.074291948,7.702000449,4,16.71263517,10,Low,Yes,3590,3.292615262,Incandescent,No,3,High
H354,5.76988526,7.235407171,11.42834959,4,34.07888228,14,Medium,No,3368,10.81899606,Incandescent,Yes,1,Low
H355,4.199668706,2.038547304,8.326696239,5,25.20765857,4,Low,No,692,2.582453757,Incandescent,No,3,Low
H356,13.92112773,1.930157905,13.3545021,4,33.98121833,9,Low,Yes,3077,10.61226181,Incandescent,Yes,2,Medium
H357,3.450692279,0.774122509,13.70912423,4,37.59019611,5,Low,No,1253,6.712865109,Incandescent,Yes,0,Low
H358,12.95818488,4.040502088,7.482372049,4,20.81907868,10,Low,Yes,1033,9.941857607,LED,Yes,0,Medium
H359,18.9839141,4.736308499,5.598761364,6,35.18490076,9,Medium,Yes,1735,8.55415195,LED,Yes,2,High
H360,12.78306102,0.992814796,9.700554272,2,16.47734725,10,Medium,Yes,974,8.360341337,Incandescent,Yes,2,Medium
H361,9.598888746,6.316457125,13.86072349,5,37.4711847,9,Low,Yes,3730,3.892149692,CFL,No,2,Medium
H362,13.93589971,3.899666261,4.738608457,4,,13,Low,No,1666,2.806763178,CFL,Yes,3,Medium
H363,10.79029914,4.43292702,10.09856559,6,36.8556681,8,Medium,Yes,806,2.530634732,Incandescent,No,0,Medium
H364,12.27548542,3.805720602,10.21028286,5,15.00470999,9,High,Yes,1379,10.28629988,LED,No,2,Medium
H365,19.00490175,3.505722957,11.53046929,3,19.22702676,7,High,No,1919,9.845121843,CFL,Yes,3,High
H366,9.563744843,4.697302485,3.710379907,3,24.74398469,9,Medium,Yes,1741,5.286882336,CFL,No,2,Medium
H367,19.34023959,1.664301844,11.30572454,4,24.48757258,3,Low,Yes,1131,1.588855362,CFL,Yes,1,High
H368,18.39096091,1.864460979,13.81742277,6,20.66825957,3,Low,No,3893,4.587027024,Incandescent,No,1,High
H369,6.328449291,6.963392158,4.335880415,6,24.5402985,11,High,No,2813,7.43212145,CFL,No,0,Low
H370,4.179142115,7.595865966,5.088063224,5,18.2212178,7,High,No,,5.452837854,CFL,No,3,Low
H371,4.713226023,3.299819872,14.62813622,5,25.31902823,7,Medium,Yes,3827,9.362271222,CFL,Yes,1,Low
H372,3.309771036,2.530585049,4.352700385,6,35.05885823,5,High,No,3855,11.97147387,CFL,No,1,Low
H373,4.605530333,5.329996574,13.10700621,5,26.97675158,7,Medium,No,689,2.293585061,LED,Yes,3,Low
H374,14.61111515,3.565506283,8.399612134,6,15.45000222,5,High,Yes,1717,5.515809836,Incandescent,No,2,High
H375,4.210207024,0.690397667,5.214003967,2,25.53610104,11,High,Yes,612,5.171806823,Incandescent,No,3,Low
H376,8.422585715,1.67114448,13.31974872,6,15.6793754,11,High,Yes,3620,3.653910393,LED,No,2,Medium
H377,17.36288029,5.869791716,7.788968315,3,39.15608527,8,Low,Yes,2457,2.377146201,LED,No,1,High
H378,3.395622908,5.441929564,8.692625601,5,18.18634899,3,Low,Yes,1404,0.788305398,Incandescent,Yes,1,Low
H379,16.8459642,0.703219944,6.670033802,6,32.69220816,9,Low,No,1544,10.64543181,CFL,Yes,1,High
H380,7.791531171,2.164791214,9.708361069,6,39.31940807,9,High,No,3389,5.038184372,CFL,No,0,Medium
H381,5.00880207,2.233060974,4.125810344,5,35.65097629,12,Medium,No,2457,5.962746222,Incandescent,No,0,Low
H382,14.84453181,5.539195577,7.084059976,2,32.48288438,12,Medium,Yes,2210,11.00330458,CFL,Yes,0,High
H383,13.6920284,0.647829033,14.60236019,2,35.98652274,6,Medium,Yes,3523,9.31548573,LED,Yes,3,Medium
H384,17.91702423,1.280814365,5.355734625,5,39.54496733,10,Medium,Yes,2559,1.566015169,CFL,Yes,1,High
H385,15.49620774,6.49937064,10.53757664,1,30.53361243,8,Low,No,3821,6.785039611,CFL,Yes,1,High
H386,16.65917582,1.839084965,6.227470835,5,28.97962017,6,Low,No,3307,5.307027318,CFL,No,3,High
H387,7.794587734,5.395595809,12.05515063,5,30.70595276,6,High,Yes,3679,9.566532871,Incandescent,No,0,Medium
H388,6.016472244,2.286370858,3.701357589,2,28.31689717,4,High,No,1652,8.690790571,LED,Yes,3,Low
H389,15.76045078,1.245810446,14.60767359,2,30.87722765,4,Medium,Yes,895,8.284868663,CFL,Yes,0,High
H390,16.71619057,2.323791432,7.899264038,5,26.2460552,14,Low,No,3633,4.086538026,Incandescent,Yes,1,High
H391,19.83858741,5.917001989,5.068656024,5,,6,Medium,No,1525,9.659564765,CFL,Yes,2,High
H392,10.01450051,6.917723511,2.955457715,5,18.00618066,7,High,No,1239,0.628695547,LED,Yes,0,Medium
H393,9.324307458,6.726648984,4.206852766,2,16.70852339,10,High,Yes,2987,1.915498817,CFL,Yes,1,Medium
H394,16.19902033,3.478876472,8.757061331,5,21.58289459,8,Medium,No,1227,4.027479276,LED,No,1,High
H395,8.793660184,5.510638524,6.381041294,5,16.15308911,6,High,No,3086,0.921689293,CFL,No,2,Medium
H396,18.82287454,2.037382216,12.77548376,4,29.1792695,13,Medium,Yes,1767,2.81993133,LED,No,1,High
H397,17.59301678,2.698607977,7.601537808,1,22.09571118,9,Low,No,1541,9.961811796,CFL,Yes,1,High
H398,10.29289847,7.222518639,5.233285544,3,35.6133702,10,Medium,Yes,1429,11.37901845,LED,Yes,0,Medium
H399,15.76480815,0.597514426,10.02288483,1,16.85602182,4,Low,Yes,2370,3.655228269,CFL,Yes,0,High
H400,15.82722886,1.141313981,11.18810382,4,20.65878736,14,Low,Yes,3166,3.174189648,CFL,No,2,High
H401,4.75310577,2.059146914,4.171544803,3,33.25615368,9,High,Yes,1575,3.358711827,Incandescent,Yes,2,Low
H402,18.34339941,0.698991529,4.179049812,5,29.97020741,4,High,Yes,3716,3.332629048,Incandescent,Yes,1,High
H403,11.58929033,1.860765763,2.47672855,4,16.61228178,4,High,No,1554,0.431162186,LED,No,0,Medium
H404,17.04977692,4.872811707,11.5732262,5,36.93098643,10,Medium,Yes,1862,11.12299616,CFL,Yes,2,High
H405,8.440843218,3.660684129,10.62945886,2,36.93154407,4,Medium,Yes,1551,2.564377699,LED,No,2,Medium
H406,18.22389488,7.195037833,8.170201385,6,23.2602001,13,High,Yes,1543,5.040048889,Incandescent,No,3,High
H407,9.616428538,6.630826713,12.97421584,4,23.51014608,11,Medium,Yes,2802,0.116242593,LED,Yes,2,Medium
H408,3.184240075,3.063630138,12.47371199,2,39.72570896,14,High,No,1804,10.29546109,LED,No,1,Low
H409,18.3914936,2.445675751,9.609606737,4,30.65440429,3,Medium,Yes,3886,8.773888133,Incandescent,Yes,0,High
H410,4.551873505,3.347693061,13.28752665,4,28.28291301,11,Low,No,2735,11.36107242,CFL,No,2,Low
H411,8.428331839,4.927212069,4.67593573,2,35.95380459,3,Low,Yes,3927,9.37938575,LED,Yes,3,Medium
H412,19.15105344,2.510477306,3.454955052,3,22.13225846,12,High,No,2134,3.764478145,Incandescent,No,0,High
H413,19.1603215,5.181116809,5.50674495,1,25.72956483,12,Medium,Yes,1696,2.974480305,CFL,Yes,2,High
H414,12.7484441,3.570587391,2.742129129,5,21.69441689,4,Medium,Yes,3578,8.372595691,Incandescent,No,3,Medium
H415,13.74123261,4.640353856,8.905203864,4,34.72902116,8,Low,No,778,4.3693533,LED,No,2,Medium
H416,10.62357387,3.770948969,14.175874,5,29.33373364,8,Low,Yes,2859,6.794580189,CFL,No,0,Medium
H417,7.984583119,2.708493197,2.511466029,6,31.47062675,3,High,No,2428,0.075089652,CFL,Yes,0,Medium
H418,8.587297271,7.613399802,3.587428882,2,21.30768125,9,Low,Yes,1857,0.74262842,Incandescent,Yes,0,Medium
H419,14.43281375,6.227043456,7.878587368,5,20.50563253,10,High,No,1064,6.424415294,Incandescent,No,1,High
H420,15.790367,1.550848818,14.14037523,2,27.20936572,4,Low,Yes,2374,6.792859757,Incandescent,Yes,2,High
H421,16.45684374,7.013509819,6.110029365,5,,10,Low,Yes,3894,9.017435334,CFL,No,1,High
H422,16.42350843,4.155733987,8.594052513,1,28.13099394,11,Medium,No,3278,1.583583835,CFL,Yes,0,High
H423,4.550503752,7.209141702,2.540447168,1,15.81614194,8,Low,Yes,3472,6.158197005,LED,No,3,Low
H424,11.40514518,6.49891442,3.928461613,1,36.71378766,7,Low,Yes,3935,2.333371733,CFL,Yes,2,Medium
H425,3.97849892,3.689101284,14.8261916,1,16.61717234,14,High,Yes,1830,1.118353435,LED,No,1,Low
H426,12.341991,0.668519812,14.54654305,1,38.89561209,11,Low,Yes,3254,4.925949529,Incandescent,No,2,Medium
H427,10.50601852,2.515080195,2.064219752,1,15.62854896,14,High,Yes,1484,1.960039777,Incandescent,No,3,Medium
H428,18.09097111,4.56225661,14.37355321,2,32.3612614,13,Low,Yes,3013,2.661383738,CFL,No,1,High
H429,8.965555213,5.251086649,10.30855919,4,17.05517659,11,Low,No,2923,3.810654958,Incandescent,Yes,0,Medium
H430,4.990139279,2.434157641,13.28293783,5,37.76691449,3,High,No,3027,3.112660809,Incandescent,No,1,Low
H431,5.430858595,1.545170556,7.911618123,1,26.61083091,13,Medium,No,,1.051095569,CFL,Yes,2,Low
H432,15.94568074,6.761976776,8.702748372,2,18.43809437,5,High,Yes,2254,1.078994938,LED,Yes,2,High
H433,13.50970708,7.883016355,8.355005543,2,23.52039249,11,High,No,3939,2.318992983,CFL,No,2,Medium
H434,4.719085494,4.442676367,10.66923535,2,19.12061688,13,High,Yes,1544,0.606710256,LED,Yes,2,Low
H435,4.429815704,1.787594644,3.815466312,4,19.26454779,4,Medium,Yes,3735,7.517484236,CFL,Yes,0,Low
H436,14.91647523,2.542304949,2.389656668,5,38.702708,14,Low,Yes,3457,3.447920598,CFL,Yes,1,High
H437,4.236971108,0.637930074,6.003089241,4,26.13115281,6,High,Yes,1524,3.356951613,Incandescent,No,0,Low
H438,16.97162101,7.357241049,11.16084992,3,34.7200566,6,High,No,2538,3.983979531,CFL,Yes,0,High
H439,15.00611786,1.383133122,4.624094878,2,30.99013903,4,Medium,Yes,1093,7.953555291,CFL,Yes,0,High
H440,4.382929271,4.823873566,10.75462163,3,,5,High,No,2146,10.44760658,LED,No,2,Low
H441,4.442241139,2.555414155,14.6088566,6,18.29233596,5,Low,Yes,3769,9.109043191,Incandescent,No,2,Low
H442,19.77287283,4.656335019,3.220709305,1,20.85461117,3,Medium,No,2569,8.730350763,LED,Yes,2,High
H443,9.362603528,5.385652913,10.74382754,1,34.66875838,8,Low,No,1694,5.812694227,LED,No,1,Medium
H444,9.3009165,6.723063528,7.768752851,4,39.26915516,10,Low,No,3011,8.325666684,Incandescent,Yes,3,Medium
H445,16.81759264,2.048159538,13.28584931,5,21.56689106,14,Medium,No,3217,6.633148416,Incandescent,Yes,2,High
H446,19.10322582,0.582468715,4.302947263,3,21.78921912,5,High,No,2425,2.595006338,Incandescent,Yes,1,High
H447,19.76201808,1.526642226,11.00413738,5,26.82242832,7,Low,No,1362,2.503060413,CFL,No,2,High
H448,15.80742915,7.250139814,12.89549877,4,39.59600782,3,Low,Yes,2923,3.556704083,Incandescent,Yes,2,High
H449,9.396412954,7.054175582,14.27998485,1,21.72397365,12,Low,No,,10.92963205,Incandescent,No,0,Medium
H450,4.419512184,4.980598266,10.88222437,5,25.17429774,9,Low,Yes,3375,6.568978085,Incandescent,No,0,Low
H451,16.21149757,5.003876453,8.463271932,5,37.28700039,12,Medium,No,1505,8.806864524,LED,Yes,0,High
H452,12.49287225,5.487775059,10.03201412,1,15.07302582,3,Medium,Yes,3575,4.158705118,LED,No,1,Medium
H453,10.21177416,1.81528459,13.2957648,3,15.99414912,14,Low,No,1163,4.892589248,CFL,No,3,Medium
H454,18.40802455,7.358089594,9.417926706,1,30.10179193,13,High,No,1382,1.506786944,LED,No,3,High
H455,4.890357199,3.640778937,2.395031776,5,,11,Low,Yes,3132,2.055539494,CFL,No,1,Low
H456,11.37462677,3.373538962,14.10233304,3,20.97141651,10,High,No,3755,9.928278658,LED,No,2,Medium
H457,3.193011961,4.39188279,10.96384776,3,26.74104437,9,Low,No,2640,7.01806358,Incandescent,Yes,1,Low
H458,10.96723091,0.852244751,10.79467402,1,26.26163254,12,High,No,2431,4.050389591,LED,No,2,Medium
H459,3.957155687,1.747125266,4.803776981,5,26.82428365,9,Low,Yes,1183,9.634214508,CFL,Yes,1,Low
H460,5.019904577,6.035252123,10.56551111,4,30.56299239,7,High,No,1919,2.958238868,LED,Yes,1,Low
H461,4.997946195,1.120990009,7.120237274,5,26.74359407,7,Low,Yes,835,11.71239238,Incandescent,Yes,1,Low
H462,14.03657514,5.023640821,10.4660287,2,26.18670353,13,Low,No,2703,4.137811293,CFL,Yes,3,High
H463,15.68276295,2.340118323,3.385709394,6,26.85721051,7,High,No,2542,4.04773145,Incandescent,Yes,0,High
H464,12.91726901,3.419717105,10.55198896,4,29.77168603,3,Medium,Yes,959,3.742942866,Incandescent,Yes,1,Medium
H465,19.35693332,2.665203026,14.99237844,3,28.42518721,10,High,No,2530,1.465338191,CFL,No,3,High
H466,9.372799852,3.167545373,2.626756505,4,36.35339994,14,Medium,No,709,1.333645768,Incandescent,No,0,Medium
H467,7.857105467,5.892844289,14.70326439,3,16.23742134,13,Low,Yes,791,7.777260414,Incandescent,No,0,Medium
H468,17.76618518,2.728412867,7.289803489,3,35.83292679,3,High,No,,10.50141653,LED,Yes,1,High
H469,6.801129255,4.748034802,13.31979485,4,36.09811532,6,High,Yes,1716,9.486246123,Incandescent,No,2,Low
H470,19.37478317,4.070378016,12.17101129,3,22.12270054,11,High,Yes,1461,1.693291128,Incandescent,No,2,High
H471,3.20662607,5.47753374,9.371211393,3,26.57129888,11,Medium,Yes,3215,6.546985462,Incandescent,No,2,Low
H472,19.48794005,7.526223045,11.59983972,2,25.96346221,7,Medium,No,1683,1.267098552,Incandescent,Yes,1,High
H473,3.733718503,5.994290729,13.4207023,5,20.46274586,6,Low,Yes,1249,0.543535723,CFL,No,2,Low
H474,18.14943293,2.112052839,7.253824181,5,24.91992118,5,Medium,Yes,638,7.876630313,LED,Yes,3,High
H475,11.97091885,0.733873513,6.2514311,6,16.1096943,5,Medium,No,3720,6.421828004,Incandescent,No,3,Medium
H476,19.88040153,2.466980332,10.67871401,6,21.94555182,14,Low,Yes,1236,0.984284223,Incandescent,Yes,3,High
H477,4.254541601,4.96308448,12.50199725,2,35.41705439,7,High,No,1636,0.419270957,CFL,Yes,3,Low
H478,12.41552283,0.885693601,11.90970675,6,22.11405754,12,High,No,635,11.87707696,Incandescent,Yes,0,Medium
H479,19.47814311,4.222746854,12.37157744,4,35.45516672,3,Low,No,2748,0.360255986,CFL,No,3,High
H480,11.89266335,4.976321367,7.662583093,1,28.28998662,7,High,No,3757,5.334339037,LED,No,2,Medium
H481,13.69977685,3.006829181,12.63184481,1,36.99656693,8,Medium,Yes,3894,6.055428295,LED,Yes,1,Medium
H482,14.82772771,6.281841528,3.56271772,1,29.36948886,9,Low,Yes,1961,1.407361774,Incandescent,No,2,High
H483,10.7271981,1.299486899,9.078358273,2,15.74170558,14,Low,Yes,2583,2.028741341,Incandescent,Yes,3,Medium
H484,13.66848736,1.063533363,2.074862586,2,31.88550519,11,Low,Yes,765,4.221660077,Incandescent,Yes,0,Medium
H485,12.9333433,5.961415672,6.219615789,3,16.1213392,5,High,Yes,,9.140110515,CFL,No,3,Medium
H486,18.31968618,4.216184872,6.763999953,1,26.26492547,4,Low,No,2479,6.084989089,Incandescent,No,1,High
H487,3.772588466,5.663017973,7.150244991,4,,5,Low,Yes,3437,7.654822495,Incandescent,No,2,Low
H488,7.776374223,3.76120504,11.04107369,6,19.13009848,14,Low,Yes,630,11.82209466,LED,Yes,1,Medium
H489,19.15699523,2.348015249,7.051255317,4,24.74680882,11,High,Yes,610,9.216065224,Incandescent,Yes,1,High
H490,18.13448433,6.643267383,7.833017094,6,33.24650772,14,Medium,No,2611,5.212337978,LED,No,1,High
H491,10.7461648,6.495619092,5.088073701,1,37.0564639,9,Low,No,3973,5.357303062,Incandescent,Yes,2,Medium
H492,13.54225416,5.710223531,6.852273291,1,31.77357512,11,Medium,Yes,2743,7.425264924,LED,No,3,Medium
H493,7.715480111,2.541088529,4.954505154,1,21.45433135,4,High,No,3861,7.984382501,Incandescent,Yes,1,Medium
H494,6.198059715,4.926730002,2.951547009,2,31.86519632,7,High,Yes,3100,6.00853111,LED,No,2,Low
H495,10.88287288,3.207304227,9.844831714,6,22.41819103,6,High,Yes,2839,7.738334674,CFL,No,0,Medium
H496,9.006987876,1.18686555,10.68676638,2,32.96073075,4,High,No,,0.282389933,LED,Yes,2,Medium
H497,12.9221539,7.379851816,10.0533745,2,38.85082819,11,Medium,No,1889,5.155474367,LED,No,0,Medium
H498,4.321488828,1.526139732,8.025422569,5,33.03483628,11,Low,Yes,2047,3.347256913,LED,No,2,Low
H499,19.56471173,7.626780154,6.937215142,4,,8,High,Yes,3799,1.550093343,Incandescent,Yes,3,High
H500,19.76558266,3.845043297,13.22333744,4,15.05259608,13,High,No,2885,1.194558154,Incandescent,No,1,High
